{"cameraMode":{"drawMode":0,"name":"Shaded","section":"Shading Mode"},"sceneLighting":true,"audioPlay":false,"sceneViewState":{"showFog":true,"showMaterialUpdate":false,"showSkybox":true,"showFlares":true,"showImageEffects":true,"showParticleSystems":true},"in2DMode":false,"pivot":{"x":0.6166718602180481,"y":1.156723976135254,"z":0.35681015253067019},"rotation":{"x":-0.11342527717351914,"y":0.8865717649459839,"z":-0.3159189522266388,"w":-0.31830835342407229},"size":1.4587734937667847,"orthographic":false}