{"cameraMode":{"drawMode":0,"name":"Shaded","section":"Shading Mode"},"sceneLighting":false,"audioPlay":false,"sceneViewState":{"showFog":true,"showMaterialUpdate":false,"showSkybox":false,"showFlares":true,"showImageEffects":true,"showParticleSystems":true},"in2DMode":false,"pivot":{"x":-0.004954993724822998,"y":0.0,"z":-0.03156176209449768},"rotation":{"x":-0.11342527717351914,"y":0.8865717649459839,"z":-0.3159189522266388,"w":-0.31830835342407229},"size":1.500607967376709,"orthographic":false}